;contractingProcedureType;publicationDate;ccp;objectBriefDescription;initialContractualPrice;signingDate;id;contractFundamentationType;increments;closeDate;causesDeadlineChange;causesPriceChange;frameworkAgreementProcedureDescription;documents;invitees;observations;totalEffectivePrice;endOfContractType;contractingProcedureUrl;ambientCriteria;directAwardFundamentationType;announcementId;contestants;frameworkAgreementProcedureId;cpvsValue;cocontratantes;aquisitionStateMemberUE;executionDeadline;contractTypeCS;executionPlace;centralizedProcedure;cpvs;income;nonWrittenContractJustificationTypes;contractStatus;materialCriteria;contractTypes;cpvsType;cpvsDesignation;infoAquisitionStateMemberUE;groupMembers;normal;specialMeasures;regime;description;contractingNif;contractingDescription;contractingId;contractedNif;contractedDescription;contractedId;links_documentos
0;Consulta Prévia;04-03-2026;False;Aquisição de Equipamentos e Componentes nos Domínios da Inovação Pedagógica e Tecnológica para o Departamento de Engenharia Civil da ESTG do Instituto Politécnico de Leiria, no âmbito do Projeto Financiado PRR – SKILLS4FUTURE;9.066,00 €;02-03-2026;13821924;Artigo 20.º, n.º 1, alínea c) do Código dos Contratos Públicos;False;;;;Não aplicável.;[];[];;;;;False;Não aplicável;-1;[{'nif': '508225078', 'description': 'Sonigate, Lda.', 'id': 501439}];Não aplicável.;9066.0 € ;False;False;90 dias;False;Portugal, Leiria, Leiria<BR/>Portugal, Leiria, Leiria;False;38540000-2;False;Artigo 95.º, n.º 1, a), contrato de locação ou de aquisição de bens móveis ou de aquisição de serviços cujo preço contratual não excede 10.000,00 € e para Região Autónoma da Madeira um coeficiente de 1,45 €;;False;Aquisição de bens móveis;Principal;Máquinas e aparelhos para ensaios e medição;;;True;;Código dos Contratos Públicos (DL111-B/2017) e Lei n.º 30/2021, de 21.05;Aquisição de Equipamentos e Componentes nos Domínios da Inovação Pedagógica e Tecnológica para o Departamento de Engenharia Civil da ESTG do Instituto Politécnico de Leiria, no âmbito do Projeto Financiado PRR – SKILLS4FUTURE;506971244;Instituto Politécnico de Leiria;678;509777619;SCOTPAL;473819;
1;Consulta Prévia;04-03-2026;False;"Aquisição de serviços de manutenção geral
";19.500,00 €;23-02-2026;13821898;Artigo 20.º, n.º 1, alínea c) do Código dos Contratos Públicos;False;;;;Não aplicável.;[{'description': 'Contrato Aresta Colossal basegov.pdf', 'id': 2466088}];[];;;;https://www.acingov.pt/acingovprod/2/zonaPublica/zona_publica_c/donwloadProcedurePiece/MTA0MTQ2OA;False;Não aplicável;-1;[{'nif': '507540018', 'description': 'Frimovidro, Lda.', 'id': 215463}, {'nif': '518246051', 'description': 'ARESTA COLOSSAL UNIPESSOAL LDA', 'id': 5034499}];Não aplicável.;19500.0 € ;False;False;333 dias;False;Portugal, Braga, Barcelos;False;50800000-3;False;;;False;Aquisição de serviços;Principal;Serviços de reparação e manutenção diversos;;;True;;Código dos Contratos Públicos (DL111-B/2017) e Lei n.º 30/2021, de 21.05;"Aquisição de serviços de manutenção geral
";509906478;Centro de Formação Profisssional da Indústria Têxtil, Vestuário Confecção e Lanifícios - MODATEX;291016;518246051;ARESTA COLOSSAL UNIPESSOAL LDA;5034499;https://www.base.gov.pt/Base4/pt/resultados/?type=doc_documentos&id=2466088&ext=.pdf
2;Ajuste Direto Regime Geral;04-03-2026;False;Aquisição de serviços, em regime de avença, para o desempenho de conteúdos funcionais próprios de um Técnico Superior, para apoio à Divisão de Obras Municipais e administração Direta, pelo período de um ano.;16.800,00 €;27-02-2026;13821893;Artigo 20.º, n.º 1, alínea d) do Código dos Contratos Públicos;False;;;;Não aplicável.;[{'description': '2.pdf', 'id': 2466087}];[];;;;;False;Não aplicável;-1;[];Não aplicável.;16800.0 € ;False;False;365 dias;False;Portugal, Braga, Vizela;False;71222000-0;False;;;False;Aquisição de serviços;Principal;Serviços de arquitectura para exteriores;;;True;;Código dos Contratos Públicos ( DL 111-B/2017 );Aquisição de serviços, em regime de avença, para o desempenho de conteúdos funcionais próprios de um Técnico Superior, para apoio à Divisão de Obras Municipais ee administração Direta, pelo período de um ano.;505985217;Município de Vizela;301;-;Ana Rita FernandesCosta;5555399;https://www.base.gov.pt/Base4/pt/resultados/?type=doc_documentos&id=2466087&ext=.pdf
3;Ajuste Direto Regime Geral;04-03-2026;False;Aquisição de Serviços de Publicidade no portal Abrantes.Online.;6.240,00 €;04-03-2026;13821671;Artigo 20.º, n.º 1, alínea d) do Código dos Contratos Públicos;False;;;;Não aplicável.;[];[];;;;https://www.acingov.pt/acingovprod/2/zonaPublica/zona_publica_c/donwloadProcedurePiece/MTA1ODM1MQ;False;ausência de recursos próprios;-1;[{'nif': '516125591', 'description': 'A Tua Porta LDA', 'id': 5111448}];Não aplicável.;6240.0 € ;False;False;365 dias;False;Portugal;False;79341000-6;False;Artigo 95.º, n.º 1, a), contrato de locação ou de aquisição de bens móveis ou de aquisição de serviços cujo preço contratual não excede 10.000,00 € e para Região Autónoma da Madeira um coeficiente de 1,45 €;;False;Aquisição de serviços;Principal;Serviços de publicidade;;;True;;Código dos Contratos Públicos (DL111-B/2017) e Lei n.º 30/2021, de 21.05;Aquisição de Serviços de Publicidade no portal Abrantes.Online.;502661038;Município de Abrantes;888;516125591;A Tua Porta LDA;5111448;
4;Contratação excluída II;04-03-2026;False;25N02212 - Aquisição de serviços para desenvolvimento de modelos informáticos para a plataforma SISdATA.;60.000,00 €;20-05-2025;13821664;artigo 3.º n.º 1 do DLn.º 60/2018, de 03.08;False;;;;Não aplicável.;[];[];;;;;False;Não aplicável;-1;[{'nif': '514925922', 'description': '+ATLANTIC - Associação para um Laboratório Colaborativo do Atlântico', 'id': 4060814}];Não aplicável.;60000.0 € ;False;False;680 dias;False;Portugal, Coimbra, Coimbra;False;72262000-9;False;Artigo 5.º - Contratação excluída “geral”;;False;Aquisição de serviços;Principal;Serviços de desenvolvimento de software;;;True;;Decreto-Lei n.º 60/2018, de 03.08;25N02212 - Aquisição de serviços para desenvolvimento de modelos informáticos para a plataforma SISdATA.;501617582;Universidade de Coimbra;147;514925922;+ATLANTIC - Associação para um Laboratório Colaborativo do Atlântico;4060814;
5;Contratação excluída II;04-03-2026;False;24N03912 - Aquisição de serviços de consultadoria em investigação científica e tecnológica;14.999,00 €;31-07-2024;13821646;artigo 3.º n.º 1 do DLn.º 60/2018, de 03.08;False;;;;Não aplicável.;[];[];;;;;False;Não aplicável;-1;[{'nif': '517568136', 'description': 'Tirosac Consulting & Technical Activities', 'id': 5256022}];Não aplicável.;14999.0 € ;False;False;60 dias;False;Portugal, Coimbra, Coimbra;False;79421200-3;False;Artigo 5.º - Contratação excluída “geral”;;False;Aquisição de serviços;Principal;Serviços de concepção de projectos, excepto projectos de construção;;;True;;Decreto-Lei n.º 60/2018, de 03.08;24N03912 - Aquisição de serviços de consultadoria em investigação científica e tecnológica;501617582;Universidade de Coimbra;147;517568136;Tirosac Consulting & Technical Activities;5256022;
6;Concurso público;04-03-2026;False;PRC_0419/2025_CLG - Aluguer de veículos tipo pequeno furgão em regime de rent-a-car, para a Águas do Norte, S.A.;0,00 €;03-03-2026;13821636;Artigo 252.º, n.º 1, alínea a) do Código dos Contratos Públicos;False;;;;PRC_0419/2025_CLG - Aluguer de veículos tipo pequeno furgão em regime de rent-a-car, para a Águas do Norte, S.A.;[{'description': 'Contrato_PRC_0419_2025_Expurg..pdf', 'id': 2466086}];[];;;;https://www.acingov.pt/acingovprod/2/zonaPublica/zona_publica_c/donwloadProcedurePiece/MTAwMjM0OQ;False;Não aplicável;431306;[{'nif': '502650230', 'description': 'Valpi Rent S.A.', 'id': 290895}, {'nif': '509776809', 'description': 'Drive On Holidays - Comércio e Aluguer de Veículos Lda', 'id': 1642338}];8121152;Inexistente;False;False;731 dias;False;Portugal, Vila Real, Vila Real<BR/>Portugal, Braga, Barcelos;False;34100000-8;False;;;False;Locação de bens móveis;Principal;Veículos a motor;;;True;;Código dos Contratos Públicos (DL111-B/2017) e Lei n.º 30/2021, de 21.05;PRC_0419/2025_CLG - Aluguer de veículos tipo pequeno furgão em regime de rent-a-car, para a Águas do Norte, S.A.;513606084;Águas do Norte, SA;784394;502650230;VALPI RENT, LDA;290895;https://www.base.gov.pt/Base4/pt/resultados/?type=doc_documentos&id=2466086&ext=.pdf
7;Ajuste Direto Regime Geral;04-03-2026;False;"
82001026 - Aquisição de Mascara p/ Adulto c/ Linha p/ Monitorização de CO2 - ULSAALE, E.P.E.
";1.350,00 €;03-03-2026;13821525;Artigo 24.º, n.º 1, alínea c) do Código dos Contratos Públicos;False;;;;Não aplicável.;[];[];;;;;False;Não aplicável;-1;[];Não aplicável.;1350.0 € ;False;False;5 dias;False;Portugal, Portalegre, Portalegre;False;33140000-3;False;Artigo 95.º, n.º 1, a), contrato de locação ou de aquisição de bens móveis ou de aquisição de serviços cujo preço contratual não excede 10.000,00 € e para Região Autónoma da Madeira um coeficiente de 1,45 €;;True;Aquisição de bens móveis;Principal;Material médico de consumo;;;True;;Código dos Contratos Públicos ( DL 111-B/2017 );"
82001026 - Aquisição de Mascara p/ Adulto c/ Linha p/ Monitorização de CO2 - ULSAALE, E.P.E.
";508094461;Unidade Local de Saúde do Alto Alentejo, EPE;23648;503480045;INTERSURGICAL PORTUGAL, LDA.;13077;
8;Consulta Prévia;04-03-2026;False;Aquisição de serviços de alimentação para os elementos das equipas artísticas afetas aos projetos que fazem parte da programação e atividades diretamente associadas ao programa do Theatro Circo, gnration e BMA durante o ano de 2026;6.405,00 €;04-03-2026;13821478;Artigo 20.º, n.º 1, alínea c) do Código dos Contratos Públicos;False;;;;Não aplicável.;[];[];;;;;False;Não aplicável;-1;[{'nif': '514658428', 'description': 'exemplos avulso,lda.', 'id': 4554152}, {'nif': '504464868', 'description': 'ROTIVEMINHO - RESTAURANTE, CAFÉ E SNACK-BAR LDA', 'id': 2463911}];Não aplicável.;6405.0 € ;False;False;302 dias;False;Portugal, Braga, Braga;False;55322000-3;False;Artigo 95.º, n.º 1, a), contrato de locação ou de aquisição de bens móveis ou de aquisição de serviços cujo preço contratual não excede 10.000,00 € e para Região Autónoma da Madeira um coeficiente de 1,45 €;;False;Aquisição de serviços;Principal;Serviços de confecção de refeições;;;True;;Código dos Contratos Públicos (DL111-B/2017) e Lei n.º 30/2021, de 21.05;Aquisição de serviços de alimentação para os elementos das equipas artísticas afetas aos projetos que fazem parte da programação e atividades diretamente associadas ao programa do Theatro Circo, gnration e BMA durante o ano de 2026;500463964;Faz Cultura - Empresa Municipal de Cultura de Braga, EM;214830;514658428;exemplos avulso,lda.;4554152;
9;Ajuste Direto Regime Geral;04-03-2026;False;92/0842/2026 Aquisição de material de consumo clínico ;6.824,00 €;29-01-2026;13821464;Artigo 24.º, n.º 1, alínea c) do Código dos Contratos Públicos;False;;;;Não aplicável.;[];[];;;;;False;Não aplicável;-1;[];Não aplicável.;6824.0 € ;False;False;119 dias;False;Portugal, Faro;False;33140000-3;False;Artigo 95.º, n.º 1, a), contrato de locação ou de aquisição de bens móveis ou de aquisição de serviços cujo preço contratual não excede 10.000,00 € e para Região Autónoma da Madeira um coeficiente de 1,45 €;;True;Aquisição de bens móveis;Principal;Material médico de consumo;;;True;;Código dos Contratos Públicos ( DL 111-B/2017 );92/0842/2026 Aquisição de material de consumo clínico ;510745997;Unidade Local de Saúde do Algarve, EPE;450005;514719311;COLOPLAST II PORTUGAL UNIPESSOAL LDA;2753804;
10;Contratação excluída II;04-03-2026;False;DL60/02/2026 - aquisição de bens de sistema de ventilação - Os bens a adquirir têm como finalidade garantir a operação segura de equipamentos durante a caracterização de amostras com estufa, mufla e cromatógrafo e a realização de ensaios de medição do potencial bioquímico de metano com CSTR (Continuous Stirred Tank Reactor). O sistema de ventilação irá permitir extrair os gases gerados na digestão anaeróbia, remover o calor e os vapores produzidos pela estufa e controlar a dispersão de fumos e altas temperaturas da mufla, bem como para garantir a evacuação de gases de arraste, solventes e possíveis fugas associadas ao cromatógrafo. Dessa forma, garante-se a operação segura dos equipamentos, prevenindo sobreaquecimentos e contaminações, protegendo os utilizadores e assegurando condições adequadas de segurança laboratorial.;17.600,00 €;28-01-2026;13821393;artigo 3.º n.º 1 do DLn.º 60/2018, de 03.08;False;;;;Não aplicável.;[{'description': 'Mod.DL60.2018-Contrato_AqBensMóveis_Sistema_de_Ventilação_signed_signed_signed_Publicavel.pdf', 'id': 2466085}];[];;;;;False;Não aplicável;-1;[{'nif': '500189226', 'description': 'METEC, LDA.', 'id': 5158}];Não aplicável.;17600.0 € ;False;False;61 dias;False;Portugal, Porto, Matosinhos;False;38000000-5;True;;;False;Aquisição de bens móveis;Principal;Equipamento laboratorial, óptico e de precisão (exc. óculos);;;True;;Decreto-Lei n.º 60/2018, de 03.08;DL60/02/2026 - aquisição de bens de sistema de ventilação CSTR;515316881;Associação BIOREF - Laboratório Colaborativo para as Biorrefinarias;4829199;500189226;METEC, LDA.;5158;https://www.base.gov.pt/Base4/pt/resultados/?type=doc_documentos&id=2466085&ext=.pdf
11;Consulta Prévia;04-03-2026;False;Aquisição de serviços em regime de avença para operacionalização do gabinete de eventos;19.920,00 €;04-03-2026;13821361;Artigo 20.º, n.º 1, alínea c) do Código dos Contratos Públicos;False;;;;Não aplicável.;[{'description': 'Contrato 26013 Expurgado.pdf', 'id': 2466084}];[];;;;https://www.acingov.pt/acingovprod/2/zonaPublica/zona_publica_c/donwloadProcedurePiece/MTA1NjYwMA;False;Não aplicável;-1;[{'nif': '-', 'description': 'Manuel Francisco Lopes Salgado Bernardo', 'id': 5008586}];Não aplicável.;19920.0 € ;False;False;365 dias;False;Portugal;False;79952100-3;False;;;False;Aquisição de serviços;Principal;Serviços de organização de eventos culturais;;;True;;Código dos Contratos Públicos (DL111-B/2017) e Lei n.º 30/2021, de 21.05;Aquisição de serviços em regime de avença para operacionalização do gabinete de eventos;501262997;Município de Mangualde;2151;-;Manuel Francisco Lopes Salgado Bernardo;5008586;https://www.base.gov.pt/Base4/pt/resultados/?type=doc_documentos&id=2466084&ext=.pdf
12;Ajuste Direto Regime Geral;04-03-2026;False;AD 20260399PRR - Aquisição de Sistema para teste de integridade sónica de estacas de fundação em betão e respetivos acessórios–L27;9.280,00 €;13-02-2026;13821311;Artigo 24.º, n.º 1, alínea a) do Código dos Contratos Públicos;False;;;;Não aplicável.;[];[];;;;;False;Não aplicável;-1;[];Não aplicável.;9280.0 € ;False;False;14 dias;False;Portugal, Lisboa, Loures;False;38000000-5;False;Artigo 95.º, n.º 1, a), contrato de locação ou de aquisição de bens móveis ou de aquisição de serviços cujo preço contratual não excede 10.000,00 € e para Região Autónoma da Madeira um coeficiente de 1,45 €;;True;Aquisição de bens móveis;Principal;Equipamento laboratorial, óptico e de precisão (exc. óculos);;;True;;Código dos Contratos Públicos ( DL 111-B/2017 );AD 20260399PRR - Aquisição de Sistema para teste de integridade sónica de estacas de fundação em betão e respetivos acessórios–L27;503716391;CICCOPN - Centro de Formação Profissional da Indústria da Construção Civil e Obras Públicas;4965;500216428;PERTA - SOC. EQUIPAMENTOS CONSTRUÇÃO CIVIL, LDA;14028;
13;Ajuste Direto Regime Geral;04-03-2026;False;serviços de software (migração Microsoft Dynamics Nav para Dynamics 365 BC;19.980,00 €;04-03-2026;13821242;Artigo 20.º, n.º 1, alínea d) do Código dos Contratos Públicos;False;;;;Não aplicável.;[{'description': 'base.55.2025.pdf', 'id': 2466083}];[];;;;;False;Não aplicável;-1;[];Não aplicável.;19980.0 € ;False;False;183 dias;False;Portugal;False;72000000-5;False;;;False;Aquisição de serviços;Principal;Serviços de TI: consultoria, desenvolvimento de software, Internet e apoio;;;True;;Código dos Contratos Públicos ( DL 111-B/2017 );serviços de software (migração Microsoft Dynamics Nav para Dynamics 365 BC;502840579;Ordem dos Médicos Dentistas;33820;507982045;CPCIT4ALL – Companhia Portuguesa de Computadores, Inovação Tecnológica, LDA.;722976;https://www.base.gov.pt/Base4/pt/resultados/?type=doc_documentos&id=2466083&ext=.pdf
14;Ao abrigo de acordo-quadro (art.º 259.º);04-03-2026;False;Procedimento agregado ao abrigo dos lotes 1 e 2 do acordo quadro para o fornecimento de combustíveis rodoviários em Portugal Continental;73.869,28 €;21-01-2026;13821196;Artigo 259.º do Código dos Contratos Públicos;False;;;;Acordo quadro de fornecimento de combustíveis rodoviários em Portugal Continental;[{'description': '064 - Contrato  expurgado.pdf', 'id': 2466082}];[];;;;https://plataforma-sncp.espap.gov.pt/espap/faces/app/acessoDocs.jsp?codigoAcesso=jkyTV7ZoqC15rHPyeM2UEPfcF2QaVSW3HZgvTdhX1yltooX09Z;False;Não aplicável;-1;[{'nif': '500194670', 'description': 'BP PORTUGAL - Comércio de Combustíveis e Lubrificantes, S. A.', 'id': 125}, {'nif': '980622212', 'description': 'B2 MOBILITY, GMBH', 'id': 4127030}, {'nif': '500697370', 'description': ' Petrogal, S.A.', 'id': 583}, {'nif': '500246963', 'description': 'REPSOL PORTUGUESA, LDA', 'id': 57}];6214791;73869.28 € ;False;False;365 dias;False;Portugal, Portugal Continental;True;09000000-3;False;;;False;Aquisição de bens móveis;Principal;Produtos petrolíferos, combustíveis, electricidade e outras fontes de energia;;;True;;Código dos Contratos Públicos ( DL 111-B/2017 );Procedimento agregado ao abrigo dos lotes 1 e 2 do acordo quadro para o fornecimento de combustíveis rodoviários em Portugal Continental;600083349;Autoridade para as Condições do Trabalho;23391;500697370;PETROGAL, S.A.;583;https://www.base.gov.pt/Base4/pt/resultados/?type=doc_documentos&id=2466082&ext=.pdf
15;Concurso público;04-03-2026;False;Aluguer Operacional de Veículos Automóveis de Passageiros;40.705,44 €;16-04-2024;13821190;Artigo 20.º, n.º 1, alínea a) do Código dos Contratos Públicos;False;;;;Não aplicável.;[{'description': 'Lote 4 - Contrato Locarent - PUB_Ocultado.pdf', 'id': 2466081}];[];;;;https://community.vortal.biz/Public/public-tender-documents/dVVac2g0NlFPTFJtUllkTUxnVFkydHZta2R4Rzh5MEtSVS91Q0pkK3ZMZlFGbWRKNmJiOEQwYXlHTnJmMWsxbnJBUTk4R3JWcUhUN2toZmdSTW4wUEE9PSp3bHNn;False;Não aplicável;365694;[{'nif': '502443880', 'description': 'LOCARENT - COMPANHIA PORTUGUESA DE ALUGUER DE VIATURAS, S.A.', 'id': 8789}, {'nif': '502167610', 'description': 'Leaseplan Portugal, Lda.', 'id': 9859}, {'nif': '503188620', 'description': 'SGALA', 'id': 26397}, {'nif': '502584866', 'description': 'Kinto Portugal, S.A.', 'id': 21944}];Não aplicável.;40705.44 € ;False;False;1461 dias;False;Portugal, Lisboa, Lisboa;False;34110000-1;False;;;False;Locação de bens móveis;Principal;Automóveis de passageiros;;;True;;Código dos Contratos Públicos (DL111-B/2017) e Lei n.º 30/2021, de 21.05;Aluguer Operacional de Veículos Automóveis de Passageiros;504288806;Autoridade Nacional da Aviação Civil;2226;502443880;LOCARENT - COMPANHIA PORTUGUESA DE ALUGUER DE VIATURAS, S.A.;8789;https://www.base.gov.pt/Base4/pt/resultados/?type=doc_documentos&id=2466081&ext=.pdf
16;Contratação excluída II;04-03-2026;False;"DL60/01/2026 - aquisição de bens de reatores CSTR - finalidade a realização ensaios de digestão anaeróbia em regime contínuo, permitindo avaliar parâmetros como as cargas orgânicas aplicadas, os tempos de retenção hidráulica e sólida, a estabilidade do processo ao longo do tempo, fenómenos de inibição e desempenho sob variadas condições, fornecendo dados fundamentais para a otimização, o dimensionamento e a modelação de sistemas reais de digestão anaeróbia. Assim, a sua aquisição é indispensável para aprofundar o conhecimento sobre o comportamento dos substratos em operação contínua e assegurar uma transição mais precisa e segura dos resultados laboratoriais para aplicações em escala piloto ou real. A aquisição de um mínimo de quatro reatores justifica-se por permitir maior capacidade experimental, assegurando replicação estatística e testes paralelos sob diferentes condições operatórias, sem comprometer a comparabilidade dos resultados ou exigindo a repetição de ensaios. Esta configuração otimiza o tempo de operação, traduzindo-se em menor custo global para o cliente, tornando as prestações de serviços mais atrativas e passíveis de aceitação, o que viabiliza a recuperação do investimento a curto/médio prazo. Devido a limitações orçamentais, procedeu-se numa primeira fase à aquisição de 2 CSTR e do sistema de monitorização erecomenda-se agora proceder à segunda fase, com a aquisição de mais dois CSTR.
";53.895,45 €;03-02-2026;13821137;artigo 3.º n.º 1 do DLn.º 60/2018, de 03.08;False;;;;Não aplicável.;[{'description': 'Contrato_Mod.DL60-032026_CSTR_ENG_v2_signed_signed_PUBLICAVEL.pdf', 'id': 2466080}];[];;;;;False;Não aplicável;-1;[{'nif': 'DE140212144', 'description': 'UMWELT- UND INGENIEURTECHNIK GMBH', 'id': 4743340}];Não aplicável.;53895.45 € ;False;False;55 dias;False;Portugal, Porto, Matosinhos;False;38000000-5;True;;;False;Aquisição de bens móveis;Principal;Equipamento laboratorial, óptico e de precisão (exc. óculos);;;True;;Decreto-Lei n.º 60/2018, de 03.08;DL60/01/2026 - aquisição de bens de reatores CSTR;515316881;Associação BIOREF - Laboratório Colaborativo para as Biorrefinarias;4829199;DE140212144;UMWELT- UND INGENIEURTECHNIK GMBH;4743340;https://www.base.gov.pt/Base4/pt/resultados/?type=doc_documentos&id=2466080&ext=.pdf
17;Ao abrigo de acordo-quadro (art.º 259.º);04-03-2026;False;41/361/2026 Diversos medicamentos de corretivos da volémia;166.539,19 €;22-01-2026;13821095;Artigo 259.º do Código dos Contratos Públicos;False;;;;1439/2025 - Acordo quadro de corretivos da volémia, soluções para conservação de órgãos, hemodiálise, hemofiltração e outras soluções estéreis;[];[];;;;https://community.vortal.biz/Public/public-tender-documents/blpEN045UGRnTzRUVy9QaW9ycTZ6TGFRazNQQzZveHhTS1VJcHZ0VFpWSSt6VW4xY25oYzhVVnJiby9UTjF2MGJnUG8rZGxmMnFvMmVVSk5MY2lwSnc9PWZ2d0FG;False;Não aplicável;-1;[];7523781;166539.19 € ;False;False;365 dias;False;Portugal, Faro, Faro;False;33600000-6;False;Artigo 95.º, n.º 1, b), locação ou de aquisição de bens móveis ou aquisição de serviços ao abrigo de um contrato público de aprovisionamento;;False;Aquisição de bens móveis;Principal;Produtos farmacêuticos;;;True;;Código dos Contratos Públicos (DL111-B/2017) e Lei n.º 30/2021, de 21.05;Diversos medicamentos de corretivos da volémia;510745997;Unidade Local de Saúde do Algarve, E.P.E;450005;504293753;Fresenius Kabi Pharma Portugal, Lda.;1114;
18;Consulta Prévia;04-03-2026;False;PRESTAÇÃO DE SERVIÇOS NO ÂMBITO DO DESENVOLVIMENTO DO CENTRO DE FORMAÇÃO ARTÍSTICA 2026;4.000,00 €;02-03-2026;13821075;Artigo 20.º, n.º 1, alínea c) do Código dos Contratos Públicos;False;;;;Não aplicável.;[{'description': 'Contrato_L11_RGPD.pdf', 'id': 2466079}];[];;;;;False;Não aplicável;-1;[{'nif': '-', 'description': 'Ricardo Manuel Pinheiro Almeida', 'id': 4193929}, {'nif': '-', 'description': 'José Maria Dutra da Silva', 'id': 3182982}, {'nif': '-', 'description': 'Miguel Albuquerque Reis Almeida', 'id': 5328694}, {'nif': '-', 'description': 'Filipe António Dias Lemos', 'id': 5553993}, {'nif': '-', 'description': 'André Baptista Medeiros', 'id': 3644339}, {'nif': '-', 'description': 'Helena Maria de Castro Ferreira', 'id': 4941537}, {'nif': '-', 'description': 'Maria João Matos Saldanha Albuquerque', 'id': 3644271}, {'nif': '-', 'description': 'Maria Margarida Henriques Malaquias', 'id': 3929342}, {'nif': '-', 'description': 'Duarte Luís Dutra', 'id': 3182953}, {'nif': '-', 'description': 'Ana Filipa Goulart da Terra', 'id': 5553994}, {'nif': '-', 'description': 'Filipe Baptista Medeiros', 'id': 5116172}];Não aplicável.;4000.0 € ;False;False;305 dias;False;Portugal, Região Autónoma dos Açores, Madalena;False;80000000-4;False;;;False;Aquisição de serviços;Principal;Serviços de ensino e formação;;;True;;Código dos Contratos Públicos ( DL 111-B/2017 );PRESTAÇÃO DE SERVIÇOS NO ÂMBITO DO DESENVOLVIMENTO DO CENTRO DE FORMAÇÃO ARTÍSTICA 2026;512070946;Município da Madalena;18305;-;Helena Maria de Castro Ferreira;4941537;https://www.base.gov.pt/Base4/pt/resultados/?type=doc_documentos&id=2466079&ext=.pdf
19;Ajuste Direto Regime Geral;04-03-2026;False;92/1011/2026 Aquisição de Material de Consumo Clínico;22.000,40 €;03-02-2026;13821016;Artigo 24.º, n.º 1, alínea c) do Código dos Contratos Públicos;False;;;;Não aplicável.;[];[];;;;;False;Não aplicável;-1;[];Não aplicável.;22000.4 € ;False;False;119 dias;False;Portugal, Faro;False;33140000-3;False;Artigo 95.º, n.º 2, c), por motivos de urgência imperiosa resultante de acontecimentos imprevisíveis pela entidade, é necessário dar imediata execução ao contrato;;True;Aquisição de bens móveis;Principal;Material médico de consumo;;;True;;Código dos Contratos Públicos ( DL 111-B/2017 );92/1011/2026 Aquisição de Material de Consumo Clínico;510745997;Unidade Local de Saúde do Algarve, EPE;450005;500013810;Albino Dias de Andrade SA;18599;
20;Ajuste Direto Regime Geral;04-03-2026;False;Ajuste Direto nº21/2025 aquisição de 3 obras em leilão ;6.348,40 €;14-11-2025;13820932;Artigo 20.º, n.º 1, alínea d) do Código dos Contratos Públicos;False;;;;Não aplicável.;[];[];;;;;False;Não aplicável;-1;[];Não aplicável.;6348.4 € ;False;False;183 dias;False;Portugal, Lisboa, Cascais;False;37000000-8;False;Artigo 95.º, n.º 1, a), contrato de locação ou de aquisição de bens móveis ou de aquisição de serviços cujo preço contratual não excede 10.000,00 € e para Região Autónoma da Madeira um coeficiente de 1,45 €;;False;Aquisição de bens móveis;Principal;Instrumentos musicais, artigos de desporto, jogos, brinquedos, material para artesanato e actividades artísticas e acessórios - De objectos artísticos;;;True;;Código dos Contratos Públicos ( DL 111-B/2017 );Ajuste Direto nº21/2025 aquisição de 3 obras em leilão ;503777234;Fundação D. Luís I, FP;31875;509808115;PERIHASTA UNIPESSOAL, LDA;1209959;
21;Consulta Prévia Simplificada;04-03-2026;False;Fornecimento de mobiliário ao abrigo do CTE Informática;142.805,50 €;04-06-2025;13820869;Artigo 6.º e artigo 2.º, alínea b), da Lei n.º 30/2021, de 21.05;False;;;;Não aplicável.;[{'description': 'Contrato_mob2_inf.pdf', 'id': 2466078}];[];O contrato tem por objeto o fornecimento de mobiliário destinado à prática educativa e formativa no CTE de Informática. O adjudicatário é a empresa MULTIMAC HITO INNOVATION S.A., com sede em Lisboa. O preço contratual é de 142.805,50 € acrescido de IVA à taxa legal em vigor, não havendo lugar a revisão de preços. O prazo de garantia dos bens fornecidos é igual ou superior a 3 anos a contar da decisão de aceitação do último equipamento fornecido. A despesa encontra-se orçamentada com o cabimento n.º 363 e o compromisso n.º 134.;;;https://community.vortal.biz/Public/public-tender-documents/TzdQRlJ3OWFpTGdSZjRyOVNBS2ltNWhJUE05THpHd0lXU29YRDE1MEdNcUVNVmpkQ2hYQ2hFcExKdUU1OUtVMHdmdVM5Kzc0c2h5aDZBcE51QVZSSEE9PXo5JF4w;False;Não aplicável;-1;[{'nif': '500685908', 'description': 'Multimac - Maq. e Equi. de Escritório, S.A', 'id': 22874}];Não aplicável.;142805.5 € ;False;False;119 dias;False;Portugal, Setúbal, Setúbal;False;39150000-8;False;;;False;Aquisição de bens móveis;Principal;Mobiliário e equipamento diverso - Para utilização em escolas;;;True;;Medidas Especiais de Contratação Pública (Lei n.º 30/2021, de 21.05);Consulta previa simplificada Mobiliario;600074455;Agrupamento de Escolas Sebastião da Gama, Setúbal;23847;500685908;Multimac - Maq. e Equi. de Escritório, S.A;22874;https://www.base.gov.pt/Base4/pt/resultados/?type=doc_documentos&id=2466078&ext=.pdf
22;Concurso público;04-03-2026;False;Aluguer Operacional de Veículos Automóveis de Passageiros;27.646,56 €;16-04-2024;13820837;Artigo 20.º, n.º 1, alínea a) do Código dos Contratos Públicos;False;;;;Não aplicável.;[{'description': 'Lote 3 - Contrato LeasePlan - PUB_Ocultado.pdf', 'id': 2466077}];[];;;;https://community.vortal.biz/Public/public-tender-documents/dVVac2g0NlFPTFJtUllkTUxnVFkydHZta2R4Rzh5MEtSVS91Q0pkK3ZMZlFGbWRKNmJiOEQwYXlHTnJmMWsxbnJBUTk4R3JWcUhUN2toZmdSTW4wUEE9PSp3bHNn;False;Não aplicável;365694;[{'nif': '502584866', 'description': 'Kinto Portugal, S.A.', 'id': 21944}, {'nif': '502167610', 'description': 'Leaseplan Portugal, Lda.', 'id': 9859}, {'nif': '503188620', 'description': 'SGALA', 'id': 26397}, {'nif': '502443880', 'description': 'LOCARENT - COMPANHIA PORTUGUESA DE ALUGUER DE VIATURAS, S.A.', 'id': 8789}];Não aplicável.;27646.56 € ;False;False;1461 dias;False;Portugal, Lisboa, Lisboa;False;34110000-1;False;;;False;Locação de bens móveis;Principal;Automóveis de passageiros;;;True;;Código dos Contratos Públicos (DL111-B/2017) e Lei n.º 30/2021, de 21.05;Aluguer Operacional de Veículos Automóveis de Passageiros;504288806;Autoridade Nacional da Aviação Civil;2226;502167610;Lease Plan Portugal – Comércio e Aluguer de Automóveis e Equipamentos, Ldª.;9859;https://www.base.gov.pt/Base4/pt/resultados/?type=doc_documentos&id=2466077&ext=.pdf
23;Consulta Prévia;04-03-2026;False;PRESTAÇÃO DE SERVIÇOS NO ÂMBITO DO DESENVOLVIMENTO DO CENTRO DE FORMAÇÃO ARTÍSTICA 2026;6.500,00 €;24-02-2026;13820816;Artigo 20.º, n.º 1, alínea c) do Código dos Contratos Públicos;False;;;;Não aplicável.;[{'description': 'Contrato_L10_RGPD.pdf', 'id': 2466076}];[];;;;;False;Não aplicável;-1;[{'nif': '-', 'description': 'Maria Margarida Henriques Malaquias', 'id': 3929342}, {'nif': '-', 'description': 'Filipe Baptista Medeiros', 'id': 5116172}, {'nif': '-', 'description': 'Maria João Matos Saldanha Albuquerque', 'id': 3644271}, {'nif': '-', 'description': 'Filipe António Dias Lemos', 'id': 5553993}, {'nif': '-', 'description': 'José Maria Dutra da Silva', 'id': 3182982}, {'nif': '-', 'description': 'Miguel Albuquerque Reis Almeida', 'id': 5328694}, {'nif': '-', 'description': 'André Baptista Medeiros', 'id': 3644339}, {'nif': '-', 'description': 'Ana Filipa Goulart da Terra', 'id': 5553994}, {'nif': '-', 'description': 'Ricardo Manuel Pinheiro Almeida', 'id': 4193929}, {'nif': '-', 'description': 'Helena Maria de Castro Ferreira', 'id': 4941537}, {'nif': '-', 'description': 'Duarte Luís Dutra', 'id': 3182953}];Não aplicável.;6500.0 € ;False;False;310 dias;False;Portugal, Região Autónoma dos Açores, Madalena;False;80000000-4;False;;;False;Aquisição de serviços;Principal;Serviços de ensino e formação;;;True;;Código dos Contratos Públicos ( DL 111-B/2017 );PRESTAÇÃO DE SERVIÇOS NO ÂMBITO DO DESENVOLVIMENTO DO CENTRO DE FORMAÇÃO ARTÍSTICA 2026;512070946;Município da Madalena;18305;-;Ricardo Manuel Pinheiro Almeida;4193929;https://www.base.gov.pt/Base4/pt/resultados/?type=doc_documentos&id=2466076&ext=.pdf
24;Consulta Prévia;04-03-2026;False;CPr nº 9/2026 - Aquisição de serviços a pessoa singular para apoio à Divisão de Recursos Financeiros;11.000,00 €;03-03-2026;13820730;Artigo 20.º, n.º 1, alínea c) do Código dos Contratos Públicos;False;;;;Não aplicável.;[{'description': 'Contrato_CPr9_2026.pdf', 'id': 2466075}];[];;;;;False;Não aplicável;-1;[{'nif': '-', 'description': 'Eva Fernandes Landim', 'id': 5555284}];Não aplicável.;11000.0 € ;False;False;337 dias;False;Portugal, Castelo Branco, Covilhã;False;80300000-7;False;;;False;Aquisição de serviços;Principal;Serviços de ensino superior;;;True;;Código dos Contratos Públicos (DL111-B/2017) e Lei n.º 30/2021, de 21.05;CPr nº 9/2026 - Aquisição de serviços a pessoa singular para apoio à Divisão de Recursos Financeiros;502083514;Universidade da Beira Interior;1536;-;Eva Fernandes Landim;5555284;https://www.base.gov.pt/Base4/pt/resultados/?type=doc_documentos&id=2466075&ext=.pdf
